Org,Proj
AECOM,A Slow Rising Emergency:Sea Level Rise: Santa Clara County Civil Grand Jury Final Report
BCDC,A Slow Rising Emergency:Sea Level Rise: Santa Clara County Civil Grand Jury Final Report
City of Mountain View,A Slow Rising Emergency:Sea Level Rise: Santa Clara County Civil Grand Jury Final Report
City of Palo Alto,A Slow Rising Emergency:Sea Level Rise: Santa Clara County Civil Grand Jury Final Report
City of San Jose,A Slow Rising Emergency:Sea Level Rise: Santa Clara County Civil Grand Jury Final Report
City of Sunnyvale,A Slow Rising Emergency:Sea Level Rise: Santa Clara County Civil Grand Jury Final Report
Conservancy,A Slow Rising Emergency:Sea Level Rise: Santa Clara County Civil Grand Jury Final Report
County of Santa Clara,A Slow Rising Emergency:Sea Level Rise: Santa Clara County Civil Grand Jury Final Report
SCVWD,A Slow Rising Emergency:Sea Level Rise: Santa Clara County Civil Grand Jury Final Report
SJSCRWWF,A Slow Rising Emergency:Sea Level Rise: Santa Clara County Civil Grand Jury Final Report
USACE,A Slow Rising Emergency:Sea Level Rise: Santa Clara County Civil Grand Jury Final Report
Conservancy,San Francisco Bay Living Shorelines
DBOC,San Francisco Bay Living Shorelines
DMS,San Francisco Bay Living Shorelines
ENVIRON,San Francisco Bay Living Shorelines
EPA,San Francisco Bay Living Shorelines
Isla,San Francisco Bay Living Shorelines
NOAAFish,San Francisco Bay Living Shorelines
REEF,San Francisco Bay Living Shorelines
SFSU,San Francisco Bay Living Shorelines
UC Davis,San Francisco Bay Living Shorelines
USGS  WERC,San Francisco Bay Living Shorelines
WCB,San Francisco Bay Living Shorelines
ABAG,Alameda County ART Subregional Project
AlamedaCDA,Alameda County ART Subregional Project
AlamedaDEH,Alameda County ART Subregional Project
AlamedaEMS,Alameda County ART Subregional Project
AlamedaTrans,Alameda County ART Subregional Project
AlamedaTrans,Alameda County ART Subregional Project
BART,Alameda County ART Subregional Project
BCDC,Alameda County ART Subregional Project
CalTrans,Alameda County ART Subregional Project
CalTrans,Alameda County ART Subregional Project
CapitolJPA,Alameda County ART Subregional Project
CDFW,Alameda County ART Subregional Project
City of Alameda,Alameda County ART Subregional Project
City of Emeryville,Alameda County ART Subregional Project
City of Hayward,Alameda County ART Subregional Project
City of Oakland,Alameda County ART Subregional Project
City of San Leandro,Alameda County ART Subregional Project
City of Union City,Alameda County ART Subregional Project
Conservancy,Alameda County ART Subregional Project
EBMUD,Alameda County ART Subregional Project
EBParks,Alameda County ART Subregional Project
HaywardParks,Alameda County ART Subregional Project
ICLEI,Alameda County ART Subregional Project
MTC,Alameda County ART Subregional Project
MTC,Alameda County ART Subregional Project
NOAA OCM,Alameda County ART Subregional Project
PacInst,Alameda County ART Subregional Project
PGE,Alameda County ART Subregional Project
PortOakland,Alameda County ART Subregional Project
PRBO,Alameda County ART Subregional Project
SFEI,Alameda County ART Subregional Project
SFTrail,Alameda County ART Subregional Project
USACE,Alameda County ART Subregional Project
USGS,Alameda County ART Subregional Project
City of Alameda,Alameda County Energy Council Joint Powers Authority 
City of Albany,Alameda County Energy Council Joint Powers Authority 
City of Berkeley,Alameda County Energy Council Joint Powers Authority 
City of Dublin,Alameda County Energy Council Joint Powers Authority 
City of Emeryville,Alameda County Energy Council Joint Powers Authority 
City of Fremont,Alameda County Energy Council Joint Powers Authority 
City of Hayward,Alameda County Energy Council Joint Powers Authority 
City of Newark,Alameda County Energy Council Joint Powers Authority 
City of Oakland,Alameda County Energy Council Joint Powers Authority 
City of Piedmont,Alameda County Energy Council Joint Powers Authority 
City of San Leandro,Alameda County Energy Council Joint Powers Authority 
City of Union City,Alameda County Energy Council Joint Powers Authority 
County of Alameda,Alameda County Energy Council Joint Powers Authority 
AECOM,Alameda County Sea Level Rise Shoreline Vulnerability Assessment 
AlamedaTrans,Alameda County Sea Level Rise Shoreline Vulnerability Assessment 
BCDC,Alameda County Sea Level Rise Shoreline Vulnerability Assessment 
MTC,Alameda County Sea Level Rise Shoreline Vulnerability Assessment 
AudubonRB,Aramburu Island Coarse Beach Restoration
Bechtel,Aramburu Island Coarse Beach Restoration
Crocker,Aramburu Island Coarse Beach Restoration
MarinComm,Aramburu Island Coarse Beach Restoration
MarinSewer,Aramburu Island Coarse Beach Restoration
NAC,Aramburu Island Coarse Beach Restoration
NFWA,Aramburu Island Coarse Beach Restoration
SWRCB,Aramburu Island Coarse Beach Restoration
ToyotaGreen,Aramburu Island Coarse Beach Restoration
ABAG,ART Portfolio Resilient Shorelines Partnership Project
BARC,ART Portfolio Resilient Shorelines Partnership Project
Conservancy,ART Portfolio Resilient Shorelines Partnership Project
MTC,ART Portfolio Resilient Shorelines Partnership Project
ABAG,"ART Portfolio Strong Housing, Safer Communities"
BCDC,"ART Portfolio Strong Housing, Safer Communities"
FEMA,"ART Portfolio Strong Housing, Safer Communities"
SGC,"ART Portfolio Strong Housing, Safer Communities"
SGIA,"ART Portfolio Strong Housing, Safer Communities"
USGS  EHP,"ART Portfolio Strong Housing, Safer Communities"
ABAG,Bay Area Bridge to the Clean Economy
Arntz,Bay Area Bridge to the Clean Economy
ATR,Bay Area Bridge to the Clean Economy
BAAQMD,Bay Area Bridge to the Clean Economy
BofA,Bay Area Bridge to the Clean Economy
Bridgelux,Bay Area Bridge to the Clean Economy
CEC,Bay Area Bridge to the Clean Economy
CFC,Bay Area Bridge to the Clean Economy
ChargeP,Bay Area Bridge to the Clean Economy
City Co of SF,Bay Area Bridge to the Clean Economy
City of Berkeley,Bay Area Bridge to the Clean Economy
City of Campbell,Bay Area Bridge to the Clean Economy
City of Cupertino,Bay Area Bridge to the Clean Economy
City of Fremont,Bay Area Bridge to the Clean Economy
City of Hayward,Bay Area Bridge to the Clean Economy
City of Los Altos Hills,Bay Area Bridge to the Clean Economy
City of Los Gatos,Bay Area Bridge to the Clean Economy
City of Morgan Hill,Bay Area Bridge to the Clean Economy
City of Mountain View,Bay Area Bridge to the Clean Economy
City of Oakland,Bay Area Bridge to the Clean Economy
City of Redwood City,Bay Area Bridge to the Clean Economy
City of San Jose,Bay Area Bridge to the Clean Economy
City of Santa Clara,Bay Area Bridge to the Clean Economy
City of Saratoga,Bay Area Bridge to the Clean Economy
Cooper,Bay Area Bridge to the Clean Economy
County of Alameda,Bay Area Bridge to the Clean Economy
County of San Mateo,Bay Area Bridge to the Clean Economy
County of Santa Clara,Bay Area Bridge to the Clean Economy
County of Sonoma,Bay Area Bridge to the Clean Economy
CPUC,Bay Area Bridge to the Clean Economy
EBGC,Bay Area Bridge to the Clean Economy
ECOtality,Bay Area Bridge to the Clean Economy
EDF,Bay Area Bridge to the Clean Economy
EVCA,Bay Area Bridge to the Clean Economy
GEL,Bay Area Bridge to the Clean Economy
GELS,Bay Area Bridge to the Clean Economy
Goldman2,Bay Area Bridge to the Clean Economy
LMC,Bay Area Bridge to the Clean Economy
MTC,Bay Area Bridge to the Clean Economy
NOVA,Bay Area Bridge to the Clean Economy
PGE,Bay Area Bridge to the Clean Economy
RockefellerBros,Bay Area Bridge to the Clean Economy
Schneider,Bay Area Bridge to the Clean Economy
Sensity,Bay Area Bridge to the Clean Economy
SFF,Bay Area Bridge to the Clean Economy
Siemens,Bay Area Bridge to the Clean Economy
SSV,Bay Area Bridge to the Clean Economy
SVCF,Bay Area Bridge to the Clean Economy
SVJV,Bay Area Bridge to the Clean Economy
SVLG,Bay Area Bridge to the Clean Economy
BAFPAA,Bay Area Ecosystems Climate Change Consortium
BAOSC,Bay Area Ecosystems Climate Change Consortium
BCDC,Bay Area Ecosystems Climate Change Consortium
CALCC,Bay Area Ecosystems Climate Change Consortium
CDFW,Bay Area Ecosystems Climate Change Consortium
Conservancy,Bay Area Ecosystems Climate Change Consortium
Farallones,Bay Area Ecosystems Climate Change Consortium
NOAA,Bay Area Ecosystems Climate Change Consortium
NPS,Bay Area Ecosystems Climate Change Consortium
PBCS,Bay Area Ecosystems Climate Change Consortium
SFBayJV,Bay Area Ecosystems Climate Change Consortium
SFEP,Bay Area Ecosystems Climate Change Consortium
SFSU,Bay Area Ecosystems Climate Change Consortium
TNC,Bay Area Ecosystems Climate Change Consortium
UC Berkeley,Bay Area Ecosystems Climate Change Consortium
USFWS,Bay Area Ecosystems Climate Change Consortium
USGS,Bay Area Ecosystems Climate Change Consortium
ABAG,Bay Area Integrated Regional Water Management Plan
Acterra,Bay Area Integrated Regional Water Management Plan
AlamedaTrans,Bay Area Integrated Regional Water Management Plan
BACWA,Bay Area Integrated Regional Water Management Plan
BAFPAA,Bay Area Integrated Regional Water Management Plan
BAWAC,Bay Area Integrated Regional Water Management Plan
BayInst,Bay Area Integrated Regional Water Management Plan
CalEPA,Bay Area Integrated Regional Water Management Plan
CalParks,Bay Area Integrated Regional Water Management Plan
CCCFlood,Bay Area Integrated Regional Water Management Plan
CCWD,Bay Area Integrated Regional Water Management Plan
CDFW,Bay Area Integrated Regional Water Management Plan
City of Petaluma,Bay Area Integrated Regional Water Management Plan
Conservancy,Bay Area Integrated Regional Water Management Plan
County of Alameda,Bay Area Integrated Regional Water Management Plan
County of Contra Costa,Bay Area Integrated Regional Water Management Plan
County of Contra Costa,Bay Area Integrated Regional Water Management Plan
County of Marin,Bay Area Integrated Regional Water Management Plan
County of Napa,Bay Area Integrated Regional Water Management Plan
County of San Mateo,Bay Area Integrated Regional Water Management Plan
County of Sonoma,Bay Area Integrated Regional Water Management Plan
DWR,Bay Area Integrated Regional Water Management Plan
EBMUD,Bay Area Integrated Regional Water Management Plan
FriendsCorte,Bay Area Integrated Regional Water Management Plan
FriendsNapa,Bay Area Integrated Regional Water Management Plan
FriendsNovato,Bay Area Integrated Regional Water Management Plan
GHD,Bay Area Integrated Regional Water Management Plan
Kearns ,Bay Area Integrated Regional Water Management Plan
Kennedy,Bay Area Integrated Regional Water Management Plan
MarinMUD,Bay Area Integrated Regional Water Management Plan
MarinPW,Bay Area Integrated Regional Water Management Plan
MBCTC,Bay Area Integrated Regional Water Management Plan
MCL,Bay Area Integrated Regional Water Management Plan
MCWS,Bay Area Integrated Regional Water Management Plan
Morrison,Bay Area Integrated Regional Water Management Plan
NapaFlood,Bay Area Integrated Regional Water Management Plan
NapaRCD,Bay Area Integrated Regional Water Management Plan
NBWA,Bay Area Integrated Regional Water Management Plan
NOAAFish,Bay Area Integrated Regional Water Management Plan
PescaMAC,Bay Area Integrated Regional Water Management Plan
PRBO,Bay Area Integrated Regional Water Management Plan
SanMateoRCD,Bay Area Integrated Regional Water Management Plan
SCEXECS,Bay Area Integrated Regional Water Management Plan
SCVWD,Bay Area Integrated Regional Water Management Plan
SCWA,Bay Area Integrated Regional Water Management Plan
SEC,Bay Area Integrated Regional Water Management Plan
SFCJPA,Bay Area Integrated Regional Water Management Plan
SFEP,Bay Area Integrated Regional Water Management Plan
SFPUC,Bay Area Integrated Regional Water Management Plan
SMCPW,Bay Area Integrated Regional Water Management Plan
SMCRCD,Bay Area Integrated Regional Water Management Plan
SolanoWater,Bay Area Integrated Regional Water Management Plan
SotoyomeRCD,Bay Area Integrated Regional Water Management Plan
StopWaste,Bay Area Integrated Regional Water Management Plan
STRAW,Bay Area Integrated Regional Water Management Plan
UCCoopMarin,Bay Area Integrated Regional Water Management Plan
USACE,Bay Area Integrated Regional Water Management Plan
WICC,Bay Area Integrated Regional Water Management Plan
WQCB,Bay Area Integrated Regional Water Management Plan
AlamedaTrans,Bay Area Regional Desalination Project
CCWD,Bay Area Regional Desalination Project
EBMUD,Bay Area Regional Desalination Project
SCVWD,Bay Area Regional Desalination Project
SFPUC,Bay Area Regional Desalination Project
CalHealth,Bay Area Regional Health Inequities Initiative
City Co of SF,Bay Area Regional Health Inequities Initiative
City of Berkeley,Bay Area Regional Health Inequities Initiative
County of Alameda,Bay Area Regional Health Inequities Initiative
County of Contra Costa,Bay Area Regional Health Inequities Initiative
County of Marin,Bay Area Regional Health Inequities Initiative
County of Napa,Bay Area Regional Health Inequities Initiative
County of San Mateo,Bay Area Regional Health Inequities Initiative
County of Santa Clara,Bay Area Regional Health Inequities Initiative
County of Santa Cruz,Bay Area Regional Health Inequities Initiative
County of Solano,Bay Area Regional Health Inequities Initiative
County of Sonoma,Bay Area Regional Health Inequities Initiative
CWA,Bay Area Smart Energy 2020
EarthShare,Bay Area Smart Energy 2020
Goldman,Bay Area Smart Energy 2020
PacEnv,Bay Area Smart Energy 2020
Powers,Bay Area Smart Energy 2020
SFF,Bay Area Smart Energy 2020
ToyotaGreen,Bay Area Smart Energy 2020
AlamedaTrans,Bay Delta Conservation Plan
AmeriRivers,Bay Delta Conservation Plan
BayInst,Bay Delta Conservation Plan
CBDA,Bay Delta Conservation Plan
CCWD,Bay Delta Conservation Plan
CDFW,Bay Delta Conservation Plan
CFBA,Bay Delta Conservation Plan
CNR,Bay Delta Conservation Plan
DefendWild,Bay Delta Conservation Plan
DWR,Bay Delta Conservation Plan
EDF,Bay Delta Conservation Plan
FriantWater,Bay Delta Conservation Plan
KernWater,Bay Delta Conservation Plan
Mirant,Bay Delta Conservation Plan
MWDSC,Bay Delta Conservation Plan
NDWA,Bay Delta Conservation Plan
NHI,Bay Delta Conservation Plan
NOAAFish,Bay Delta Conservation Plan
SCVWD,Bay Delta Conservation Plan
SLDMWA,Bay Delta Conservation Plan
SWRCB,Bay Delta Conservation Plan
TNC,Bay Delta Conservation Plan
USACE,Bay Delta Conservation Plan
USDOI,Bay Delta Conservation Plan
USFWS,Bay Delta Conservation Plan
WWD,Bay Delta Conservation Plan
ABAG,Bay Subtidal Habitat Goals Project
BCDC,Bay Subtidal Habitat Goals Project
CalParks,Bay Subtidal Habitat Goals Project
Conservancy,Bay Subtidal Habitat Goals Project
EBParks,Bay Subtidal Habitat Goals Project
NOAA,Bay Subtidal Habitat Goals Project
NOAAFish,Bay Subtidal Habitat Goals Project
OPC,Bay Subtidal Habitat Goals Project
SFEI,Bay Subtidal Habitat Goals Project
SFEP,Bay Subtidal Habitat Goals Project
SFNERR,Bay Subtidal Habitat Goals Project
SFSU,Bay Subtidal Habitat Goals Project
SLC,Bay Subtidal Habitat Goals Project
UC Davis,Bay Subtidal Habitat Goals Project
UofW,Bay Subtidal Habitat Goals Project
USCGS,Bay Subtidal Habitat Goals Project
WQCB,Bay Subtidal Habitat Goals Project
AECOM,Baylands and Climate Change Report
BAECCC,Baylands and Climate Change Report
BAFPAA,Baylands and Climate Change Report
BCDC,Baylands and Climate Change Report
CDFW,Baylands and Climate Change Report
CISE,Baylands and Climate Change Report
Conservancy,Baylands and Climate Change Report
DELTCON,Baylands and Climate Change Report
DeltStew,Baylands and Climate Change Report
DWR,Baylands and Climate Change Report
EBParks,Baylands and Climate Change Report
EPA,Baylands and Climate Change Report
GBMF,Baylands and Climate Change Report
GOGA,Baylands and Climate Change Report
NOAA,Baylands and Climate Change Report
PBCS,Baylands and Climate Change Report
SFBayJV,Baylands and Climate Change Report
SFEI,Baylands and Climate Change Report
SFEP,Baylands and Climate Change Report
SuisunRCD,Baylands and Climate Change Report
USACE,Baylands and Climate Change Report
USFWS,Baylands and Climate Change Report
WQCB,Baylands and Climate Change Report
AlamedaPW,Baylands Ecosystems Habitat Goals Project
BCDC,Baylands Ecosystems Habitat Goals Project
CCCMVC,Baylands Ecosystems Habitat Goals Project
CCRS,Baylands Ecosystems Habitat Goals Project
CDFW,Baylands Ecosystems Habitat Goals Project
CNR,Baylands Ecosystems Habitat Goals Project
Conservancy,Baylands Ecosystems Habitat Goals Project
DucksU,Baylands Ecosystems Habitat Goals Project
DWR,Baylands Ecosystems Habitat Goals Project
EPA,Baylands Ecosystems Habitat Goals Project
LSA,Baylands Ecosystems Habitat Goals Project
NapaMAD,Baylands Ecosystems Habitat Goals Project
NOAAFish,Baylands Ecosystems Habitat Goals Project
PRBO,Baylands Ecosystems Habitat Goals Project
PWA,Baylands Ecosystems Habitat Goals Project
SCVWD,Baylands Ecosystems Habitat Goals Project
SCWA,Baylands Ecosystems Habitat Goals Project
SDSU,Baylands Ecosystems Habitat Goals Project
SFBayJV,Baylands Ecosystems Habitat Goals Project
SFBBO,Baylands Ecosystems Habitat Goals Project
SFEI,Baylands Ecosystems Habitat Goals Project
SFEP,Baylands Ecosystems Habitat Goals Project
SFSU,Baylands Ecosystems Habitat Goals Project
SJSU,Baylands Ecosystems Habitat Goals Project
UC Berkeley,Baylands Ecosystems Habitat Goals Project
UC Davis,Baylands Ecosystems Habitat Goals Project
UC Davis,Baylands Ecosystems Habitat Goals Project
UCSC,Baylands Ecosystems Habitat Goals Project
UofO,Baylands Ecosystems Habitat Goals Project
UofW,Baylands Ecosystems Habitat Goals Project
USBR,Baylands Ecosystems Habitat Goals Project
USFWS,Baylands Ecosystems Habitat Goals Project
Uwisconsin,Baylands Ecosystems Habitat Goals Project
WQCB,Baylands Ecosystems Habitat Goals Project
WWR,Baylands Ecosystems Habitat Goals Project
Zentner,Baylands Ecosystems Habitat Goals Project
ABAG,BayREN
City Co of SF,BayREN
County of Alameda,BayREN
County of Contra Costa,BayREN
County of Marin,BayREN
County of Napa,BayREN
County of San Mateo,BayREN
County of Santa Clara,BayREN
County of Solano,BayREN
County of Sonoma,BayREN
BayInst,BCDC Fill Policy
BCDC,BCDC Fill Policy
BIA,BCDC Fill Policy
BPC,BCDC Fill Policy
CapitolJPA,BCDC Fill Policy
Conservancy,BCDC Fill Policy
County of Marin,BCDC Fill Policy
EJCW,BCDC Fill Policy
GA,BCDC Fill Policy
Moffatt,BCDC Fill Policy
MTC,BCDC Fill Policy
NOAA,BCDC Fill Policy
PortSF,BCDC Fill Policy
SaveBay,BCDC Fill Policy
SFEI,BCDC Fill Policy
SWRCB,BCDC Fill Policy
UC Berkeley,BCDC Fill Policy
USFWS,BCDC Fill Policy
WOEIP,BCDC Fill Policy
BCDC,Benicia Adaptation Plan and Community Sustainability Commission
BEDD,Benicia Adaptation Plan and Community Sustainability Commission
BUSD,Benicia Adaptation Plan and Community Sustainability Commission
Conservancy,Benicia Adaptation Plan and Community Sustainability Commission
County of Solano,Benicia Adaptation Plan and Community Sustainability Commission
GNSC,Benicia Adaptation Plan and Community Sustainability Commission
PortBenicia,Benicia Adaptation Plan and Community Sustainability Commission
UC Berkeley,Benicia Adaptation Plan and Community Sustainability Commission
Valero,Benicia Adaptation Plan and Community Sustainability Commission
City of Benicia,Benicia Climate Change Vulnerability Assessment
ICF,Benicia Climate Change Vulnerability Assessment
Placeworks,Benicia Climate Change Vulnerability Assessment
ABAG,Berkeley Hazard Mitigation Plan
AlamedaDPH,Berkeley Hazard Mitigation Plan
AlamedaFire,Berkeley Hazard Mitigation Plan
AlamedaSH,Berkeley Hazard Mitigation Plan
AT&T,Berkeley Hazard Mitigation Plan
BARC,Berkeley Hazard Mitigation Plan
BART,Berkeley Hazard Mitigation Plan
BayerCorp,Berkeley Hazard Mitigation Plan
BCDC,Berkeley Hazard Mitigation Plan
BerkLab,Berkeley Hazard Mitigation Plan
BPWA,Berkeley Hazard Mitigation Plan
BUSD,Berkeley Hazard Mitigation Plan
CALFIRE,Berkeley Hazard Mitigation Plan
CEC,Berkeley Hazard Mitigation Plan
CGS,Berkeley Hazard Mitigation Plan
City of Albany,Berkeley Hazard Mitigation Plan
City of Berkeley,Berkeley Hazard Mitigation Plan
City of Emeryville,Berkeley Hazard Mitigation Plan
City of Oakland,Berkeley Hazard Mitigation Plan
COES,Berkeley Hazard Mitigation Plan
Comcast,Berkeley Hazard Mitigation Plan
EBMUD,Berkeley Hazard Mitigation Plan
EcoCent,Berkeley Hazard Mitigation Plan
EERI,Berkeley Hazard Mitigation Plan
KMCorp,Berkeley Hazard Mitigation Plan
Kropp,Berkeley Hazard Mitigation Plan
LLMed,Berkeley Hazard Mitigation Plan
NRDC,Berkeley Hazard Mitigation Plan
PGE,Berkeley Hazard Mitigation Plan
SCDRM,Berkeley Hazard Mitigation Plan
Sutter,Berkeley Hazard Mitigation Plan
USFS,Berkeley Hazard Mitigation Plan
USGS,Berkeley Hazard Mitigation Plan
Verizon,Berkeley Hazard Mitigation Plan
CalParks,Bothin Marsh Project
MarinParks,Bothin Marsh Project
MMWD,Bothin Marsh Project
NPS,Bothin Marsh Project
TLC,Bothin Marsh Project
CalHealth,CalBRACE (Building Resilience Against Climate Effects)
CCDPH,CalBRACE (Building Resilience Against Climate Effects)
ImperialDPH,CalBRACE (Building Resilience Against Climate Effects)
MercedDPH,CalBRACE (Building Resilience Against Climate Effects)
MonoDPH,CalBRACE (Building Resilience Against Climate Effects)
SacDPH,CalBRACE (Building Resilience Against Climate Effects)
SanDiegoDPH,CalBRACE (Building Resilience Against Climate Effects)
SFDPH,CalBRACE (Building Resilience Against Climate Effects)
ShastaDPH,CalBRACE (Building Resilience Against Climate Effects)
SLODPH,CalBRACE (Building Resilience Against Climate Effects)
TulareDPH,CalBRACE (Building Resilience Against Climate Effects)
ABAG,CHARG Network
AlamedaFlood,CHARG Network
ACWD,CHARG Network
AlamedaCTC,CHARG Network
AlamedaTrans,CHARG Network
BAC,CHARG Network
BACRDR,CHARG Network
BACWA,CHARG Network
BAECCC,CHARG Network
BAFPAA,CHARG Network
BARC,CHARG Network
BAWSCA,CHARG Network
BayInst,CHARG Network
BayLocal,CHARG Network
BCDC,CHARG Network
BPC,CHARG Network
CalParks,CHARG Network
CalTrans,CHARG Network
CCCFlood,CHARG Network
CCTA,CHARG Network
CCWD,CHARG Network
CDFW,CHARG Network
CISE,CHARG Network
City Co of SF,CHARG Network
City of Alameda,CHARG Network
City of Belvedere,CHARG Network
City of Benicia,CHARG Network
City of Berkeley,CHARG Network
City of Concord,CHARG Network
City of Daly City,CHARG Network
City of Emeryville,CHARG Network
City of Fairfield,CHARG Network
City of Foster City,CHARG Network
City of Fremont,CHARG Network
City of Hayward,CHARG Network
City of Larkspur,CHARG Network
City of Livermore,CHARG Network
City of Martinez,CHARG Network
City of Menlo Park,CHARG Network
City of Mill Valley,CHARG Network
City of Millbrae,CHARG Network
City of Milpitas,CHARG Network
City of Mountain View,CHARG Network
City of Napa,CHARG Network
City of Newark,CHARG Network
City of Novato,CHARG Network
City of Oakland,CHARG Network
City of Oakley,CHARG Network
City of Palo Alto,CHARG Network
City of Pittsburg,CHARG Network
City of Redwood City,CHARG Network
City of Richmond,CHARG Network
City of San Jose,CHARG Network
City of San Leandro,CHARG Network
City of San Mateo,CHARG Network
City of San Pablo,CHARG Network
City of San Rafael,CHARG Network
City of San Ramon,CHARG Network
City of Santa Clara,CHARG Network
City of Sausalito,CHARG Network
City of South San Francisco,CHARG Network
City of Sunnyvale,CHARG Network
City of Tiburon,CHARG Network
City of Union City,CHARG Network
City of Vallejo,CHARG Network
Conservancy,CHARG Network
County of Alameda,CHARG Network
County of Contra Costa,CHARG Network
County of Marin,CHARG Network
County of Napa,CHARG Network
County of San Mateo,CHARG Network
County of Santa Clara,CHARG Network
County of Solano,CHARG Network
County of Sonoma,CHARG Network
CRI,CHARG Network
DeltStew,CHARG Network
DWR,CHARG Network
EBParks,CHARG Network
Farallones,CHARG Network
FEMA,CHARG Network
LGC,CHARG Network
MarinFlood,CHARG Network
MTC,CHARG Network
NapaFlood,CHARG Network
NOAA,CHARG Network
NPS,CHARG Network
NPS,CHARG Network
OPC,CHARG Network
OroLomaSanD,CHARG Network
PacInst,CHARG Network
PBCS,CHARG Network
PortOakland,CHARG Network
PortSF,CHARG Network
SaveBay,CHARG Network
SCRCPA,CHARG Network
SCVWD,CHARG Network
SCWA,CHARG Network
SFBayJV,CHARG Network
SFCJPA,CHARG Network
SFEI,CHARG Network
SFPUC,CHARG Network
SPUR,CHARG Network
SVJV,CHARG Network
SVLG,CHARG Network
Town of Corte Madera,CHARG Network
UC Berkeley,CHARG Network
UC Davis,CHARG Network
ULIRF,CHARG Network
USACE,CHARG Network
USFWS,CHARG Network
USGS,CHARG Network
VallejoFlood,CHARG Network
WQCB,CHARG Network
WQCB,CHARG Network
City of Cloverdale,Climate Action 2020 Plan
City of Cotati,Climate Action 2020 Plan
City of Healdsburg,Climate Action 2020 Plan
City of Petaluma,Climate Action 2020 Plan
City of Rohnert Park,Climate Action 2020 Plan
City of Santa Rosa,Climate Action 2020 Plan
City of Sebastopol,Climate Action 2020 Plan
City of Sonoma,Climate Action 2020 Plan
City of Windsor,Climate Action 2020 Plan
County of Sonoma,Climate Action 2020 Plan
GBMF,"Climate Change, Conservation & Land Use: A Sonoma County Pilot Project "
SonomaOSD,"Climate Change, Conservation & Land Use: A Sonoma County Pilot Project "
TNC,"Climate Change, Conservation & Land Use: A Sonoma County Pilot Project "
USDA  NRCS,"Climate Change, Conservation & Land Use: A Sonoma County Pilot Project "
ABAG,Collaborating on Sea Level Rise: Marin Adaptation Response Team (CSMART)
BAAQMD,Collaborating on Sea Level Rise: Marin Adaptation Response Team (CSMART)
BAECCC,Collaborating on Sea Level Rise: Marin Adaptation Response Team (CSMART)
BCDC,Collaborating on Sea Level Rise: Marin Adaptation Response Team (CSMART)
CalTrans,Collaborating on Sea Level Rise: Marin Adaptation Response Team (CSMART)
CoastComm,Collaborating on Sea Level Rise: Marin Adaptation Response Team (CSMART)
Conservancy,Collaborating on Sea Level Rise: Marin Adaptation Response Team (CSMART)
COS,Collaborating on Sea Level Rise: Marin Adaptation Response Team (CSMART)
County of Marin,Collaborating on Sea Level Rise: Marin Adaptation Response Team (CSMART)
Farallones,Collaborating on Sea Level Rise: Marin Adaptation Response Team (CSMART)
FEMA,Collaborating on Sea Level Rise: Marin Adaptation Response Team (CSMART)
MarinParks,Collaborating on Sea Level Rise: Marin Adaptation Response Team (CSMART)
MCCDA,Collaborating on Sea Level Rise: Marin Adaptation Response Team (CSMART)
MTC,Collaborating on Sea Level Rise: Marin Adaptation Response Team (CSMART)
NBCAI,Collaborating on Sea Level Rise: Marin Adaptation Response Team (CSMART)
NOAA,Collaborating on Sea Level Rise: Marin Adaptation Response Team (CSMART)
NPS,Collaborating on Sea Level Rise: Marin Adaptation Response Team (CSMART)
OPC,Collaborating on Sea Level Rise: Marin Adaptation Response Team (CSMART)
PGE,Collaborating on Sea Level Rise: Marin Adaptation Response Team (CSMART)
PRBO,Collaborating on Sea Level Rise: Marin Adaptation Response Team (CSMART)
SFNERR,Collaborating on Sea Level Rise: Marin Adaptation Response Team (CSMART)
USGS,Collaborating on Sea Level Rise: Marin Adaptation Response Team (CSMART)
BCDC,Contra Costa County ART Project
CivicSpark,Contra Costa County ART Project
ABAG,RISeR SF BAY
BAECCC,RISeR SF BAY
BCDC,RISeR SF BAY
CalTrans,RISeR SF BAY
CHARG,RISeR SF BAY
Conservancy,RISeR SF BAY
CRI,RISeR SF BAY
RCI,RISeR SF BAY
MTC,RISeR SF BAY
SFEI,RISeR SF BAY
UC Berkeley,RISeR SF BAY
UC Davis,RISeR SF BAY
USGS,RISeR SF BAY
City of Berkeley,CRI Groundwater Research 
CRI,CRI Groundwater Research 
UC Berkeley,CRI Groundwater Research 
ABAG,CRI Strategy Analysis
BAECCC,CRI Strategy Analysis
BCDC,CRI Strategy Analysis
CalTrans,CRI Strategy Analysis
CHARG,CRI Strategy Analysis
Conservancy,CRI Strategy Analysis
RCI,CRI Strategy Analysis
CRI,CRI Strategy Analysis
MTC,CRI Strategy Analysis
SFEI,CRI Strategy Analysis
UC Berkeley,CRI Strategy Analysis
DeltStew,Delta Vision Strategic Plan
EBMUD,East Bay Municipal Utility District (EBMUD) Water and Energy Projects
AECOM,FEMA San Francisco Bay Area Coastal Study
AlamedaTrans,FEMA San Francisco Bay Area Coastal Study
FEMA,FEMA San Francisco Bay Area Coastal Study
BCDC,Flood Control 2.0 (Novato Creek)
CCCFlood,Flood Control 2.0 (Novato Creek)
CGF,Flood Control 2.0 (Novato Creek)
EPA,Flood Control 2.0 (Novato Creek)
ESA,Flood Control 2.0 (Novato Creek)
MarinFlood,Flood Control 2.0 (Novato Creek)
OMCA,Flood Control 2.0 (Novato Creek)
SFBayJV,Flood Control 2.0 (Novato Creek)
SFCJPA,Flood Control 2.0 (Novato Creek)
SFEI,Flood Control 2.0 (Novato Creek)
SFEP,Flood Control 2.0 (Novato Creek)
BCDC,Flood Control 2.0 (San Francisquito Creek)
CCCFlood,Flood Control 2.0 (San Francisquito Creek)
CGF,Flood Control 2.0 (San Francisquito Creek)
EPA,Flood Control 2.0 (San Francisquito Creek)
MarinFlood,Flood Control 2.0 (San Francisquito Creek)
OMCA,Flood Control 2.0 (San Francisquito Creek)
SFBayJV,Flood Control 2.0 (San Francisquito Creek)
SFCJPA,Flood Control 2.0 (San Francisquito Creek)
SFEI,Flood Control 2.0 (San Francisquito Creek)
SFEP,Flood Control 2.0 (San Francisquito Creek)
BCDC,Foster City Sea Level Rise Levee Planning Project
CalTrans,Foster City Sea Level Rise Levee Planning Project
CDFW,Foster City Sea Level Rise Levee Planning Project
City of Foster City,Foster City Sea Level Rise Levee Planning Project
FEMA,Foster City Sea Level Rise Levee Planning Project
NOAAFish,Foster City Sea Level Rise Levee Planning Project
S&E,Foster City Sea Level Rise Levee Planning Project
SHPO,Foster City Sea Level Rise Levee Planning Project
SLC,Foster City Sea Level Rise Levee Planning Project
USACE,Foster City Sea Level Rise Levee Planning Project
USCGS,Foster City Sea Level Rise Levee Planning Project
USFWS,Foster City Sea Level Rise Levee Planning Project
WQCB,Foster City Sea Level Rise Levee Planning Project
ACWD,Future Proof Water: Where the Bay Area Should Get Its Water in 21st Century
AECOM,Future Proof Water: Where the Bay Area Should Get Its Water in 21st Century
EBMUD,Future Proof Water: Where the Bay Area Should Get Its Water in 21st Century
SCVWD,Future Proof Water: Where the Bay Area Should Get Its Water in 21st Century
SFPUC,Future Proof Water: Where the Bay Area Should Get Its Water in 21st Century
SPUR,Future Proof Water: Where the Bay Area Should Get Its Water in 21st Century
County of Marin,Game of Floods
MCCDA,Game of Floods
AND,Grid Alternatives Bay Area
BBD,Grid Alternatives Bay Area
Bridge,Grid Alternatives Bay Area
BSB,Grid Alternatives Bay Area
BurHouse,Grid Alternatives Bay Area
CAConsCorp,Grid Alternatives Bay Area
CalCSD,Grid Alternatives Bay Area
CET,Grid Alternatives Bay Area
CHDCNR,Grid Alternatives Bay Area
Chevron,Grid Alternatives Bay Area
City of Livermore,Grid Alternatives Bay Area
City of Oakland,Grid Alternatives Bay Area
City of Pittsburg,Grid Alternatives Bay Area
City of Pleasanton,Grid Alternatives Bay Area
City of Richmond,Grid Alternatives Bay Area
City of San Jose,Grid Alternatives Bay Area
Clif,Grid Alternatives Bay Area
County of Humboldt,Grid Alternatives Bay Area
County of San Mateo,Grid Alternatives Bay Area
CPUC,Grid Alternatives Bay Area
Danem,Grid Alternatives Bay Area
EBALDC,Grid Alternatives Bay Area
Enphase,Grid Alternatives Bay Area
Genen,Grid Alternatives Bay Area
Google,Grid Alternatives Bay Area
HabHum EB,Grid Alternatives Bay Area
HabHum GSF,Grid Alternatives Bay Area
HabHum MC,Grid Alternatives Bay Area
HabHum NS,Grid Alternatives Bay Area
HabHum SC,Grid Alternatives Bay Area
HLTSC,Grid Alternatives Bay Area
JPB,Grid Alternatives Bay Area
Kerr,Grid Alternatives Bay Area
Kleinberg,Grid Alternatives Bay Area
LCGJ,Grid Alternatives Bay Area
Mazzetti,Grid Alternatives Bay Area
MCCDC,Grid Alternatives Bay Area
NCIHA,Grid Alternatives Bay Area
NextEra,Grid Alternatives Bay Area
NEXTracker,Grid Alternatives Bay Area
NRG,Grid Alternatives Bay Area
OakCLT,Grid Alternatives Bay Area
PGE,Grid Alternatives Bay Area
RCHDC,Grid Alternatives Bay Area
RSEC,Grid Alternatives Bay Area
RTOak,Grid Alternatives Bay Area
RTSF,Grid Alternatives Bay Area
Salesforce,Grid Alternatives Bay Area
SC,Grid Alternatives Bay Area
SCH,Grid Alternatives Bay Area
SEI,Grid Alternatives Bay Area
SFDEnv,Grid Alternatives Bay Area
SFF,Grid Alternatives Bay Area
SFPUC,Grid Alternatives Bay Area
SolarLI,Grid Alternatives Bay Area
SolarSC,Grid Alternatives Bay Area
Spruce,Grid Alternatives Bay Area
STP,Grid Alternatives Bay Area
SunEdison,Grid Alternatives Bay Area
Sungevity,Grid Alternatives Bay Area
Sunpower,Grid Alternatives Bay Area
Sunrun,Grid Alternatives Bay Area
TGACRT,Grid Alternatives Bay Area
USB,Grid Alternatives Bay Area
Vivint,Grid Alternatives Bay Area
WFF,Grid Alternatives Bay Area
Winston,Grid Alternatives Bay Area
YCD,Grid Alternatives Bay Area
CapPlan,Guidance For Incorporating Sea Level Rise Into Capital Planning in San Francisco
MTC,Guidance For Incorporating Sea Level Rise Into Capital Planning in San Francisco
PortSF,Guidance For Incorporating Sea Level Rise Into Capital Planning in San Francisco
SF Adapt,Guidance For Incorporating Sea Level Rise Into Capital Planning in San Francisco
SFEnvironment,Guidance For Incorporating Sea Level Rise Into Capital Planning in San Francisco
SFO,Guidance For Incorporating Sea Level Rise Into Capital Planning in San Francisco
SFParks,Guidance For Incorporating Sea Level Rise Into Capital Planning in San Francisco
SFPlanning,Guidance For Incorporating Sea Level Rise Into Capital Planning in San Francisco
SFPUC,Guidance For Incorporating Sea Level Rise Into Capital Planning in San Francisco
SFPW,Guidance For Incorporating Sea Level Rise Into Capital Planning in San Francisco
Conservancy,Hamilton Field Restoration Project
USACE,Hamilton Field Restoration Project
HASPA,Hayward Area Shorelines Planning Agency Sea Level Rise Project
PWA,Hayward Area Shorelines Planning Agency Sea Level Rise Project
AlamedaTrans,Hayward Shoreline Resilience Study
BayTrail,Hayward Shoreline Resilience Study
CalTrans,Hayward Shoreline Resilience Study
CalTrans,Hayward Shoreline Resilience Study
City of Hayward,Hayward Shoreline Resilience Study
Conservancy,Hayward Shoreline Resilience Study
EBDischargers,Hayward Shoreline Resilience Study
EBParks,Hayward Shoreline Resilience Study
HaywardParks,Hayward Shoreline Resilience Study
MTC,Hayward Shoreline Resilience Study
NOAA CSC,Hayward Shoreline Resilience Study
UnionSanD,Hayward Shoreline Resilience Study
BCDC,Head of Tide
SFEI,Head of Tide
BCDC,Innovative Wetland Adaptation Techniques Project
County of Marin,Innovative Wetland Adaptation Techniques Project
EPA,Innovative Wetland Adaptation Techniques Project
SFBWQIF,Innovative Wetland Adaptation Techniques Project
SFEP,Innovative Wetland Adaptation Techniques Project
UNESCO IDE,Innovative Wetland Adaptation Techniques Project
USF,Innovative Wetland Adaptation Techniques Project
USGS,Innovative Wetland Adaptation Techniques Project
AlamedaTrans,IRWMP Shoreline Resilience Program Overview and Proposal
CalTrans,IRWMP Shoreline Resilience Program Overview and Proposal
CDFW,IRWMP Shoreline Resilience Program Overview and Proposal
City of Mountain View,IRWMP Shoreline Resilience Program Overview and Proposal
City of Palo Alto,IRWMP Shoreline Resilience Program Overview and Proposal
Conservancy,IRWMP Shoreline Resilience Program Overview and Proposal
EBParks,IRWMP Shoreline Resilience Program Overview and Proposal
Facebook,IRWMP Shoreline Resilience Program Overview and Proposal
MarinPW,IRWMP Shoreline Resilience Program Overview and Proposal
NovatoSanD,IRWMP Shoreline Resilience Program Overview and Proposal
SaveBay,IRWMP Shoreline Resilience Program Overview and Proposal
SCVWD,IRWMP Shoreline Resilience Program Overview and Proposal
SFCJPA,IRWMP Shoreline Resilience Program Overview and Proposal
SFEI,IRWMP Shoreline Resilience Program Overview and Proposal
SonomaLT,IRWMP Shoreline Resilience Program Overview and Proposal
STRAW,IRWMP Shoreline Resilience Program Overview and Proposal
UnionSanD,IRWMP Shoreline Resilience Program Overview and Proposal
USFWS,IRWMP Shoreline Resilience Program Overview and Proposal
CCKA,King Tides Initiative
CoastComm,King Tides Initiative
Conservancy,King Tides Initiative
Coravai,King Tides Initiative
COS,King Tides Initiative
County of San Mateo,King Tides Initiative
EDMarin,King Tides Initiative
Farallones,King Tides Initiative
FoFC,King Tides Initiative
MBARI,King Tides Initiative
MBNEP,King Tides Initiative
SanctExpCent,King Tides Initiative
SBSeaCent,King Tides Initiative
SeaGrant,King Tides Initiative
SFNERR,King Tides Initiative
SMDC,King Tides Initiative
SOS,King Tides Initiative
SurfPulse,King Tides Initiative
SustSurf,King Tides Initiative
TRNERR,King Tides Initiative
350org,Local Clean Energy Alliance
AndaPR,Local Clean Energy Alliance
APEN,Local Clean Energy Alliance
Aurora,Local Clean Energy Alliance
BACLT,Local Clean Energy Alliance
BakerCent,Local Clean Energy Alliance
Bay880,Local Clean Energy Alliance
BayLocal,Local Clean Energy Alliance
BDP,Local Clean Energy Alliance
BDS,Local Clean Energy Alliance
BOITF,Local Clean Energy Alliance
BSG,Local Clean Energy Alliance
CAP,Local Clean Energy Alliance
CC,Local Clean Energy Alliance
CCBA,Local Clean Energy Alliance
CCDE,Local Clean Energy Alliance
CentSE,Local Clean Energy Alliance
CESolar,Local Clean Energy Alliance
CfBE,Local Clean Energy Alliance
CISE,Local Clean Energy Alliance
CleanCo,Local Clean Energy Alliance
Connect,Local Clean Energy Alliance
CoopCE,Local Clean Energy Alliance
CPA,Local Clean Energy Alliance
Crunchy,Local Clean Energy Alliance
DCGrid,Local Clean Energy Alliance
DIG,Local Clean Energy Alliance
DPM,Local Clean Energy Alliance
EBCohouse,Local Clean Energy Alliance
EBGreen,Local Clean Energy Alliance
EcoCent,Local Clean Energy Alliance
Ecocity,Local Clean Energy Alliance
ElementLED,Local Clean Energy Alliance
Eprep,Local Clean Energy Alliance
ESC,Local Clean Energy Alliance
Everybody,Local Clean Energy Alliance
GCGuide,Local Clean Energy Alliance
GCNet,Local Clean Energy Alliance
GenGreen,Local Clean Energy Alliance
GlobEx,Local Clean Energy Alliance
GreenEcoTek,Local Clean Energy Alliance
Greenhouse,Local Clean Energy Alliance
GRP,Local Clean Energy Alliance
Herzfeld,Local Clean Energy Alliance
Holton,Local Clean Energy Alliance
Kyoto,Local Clean Energy Alliance
LPI,Local Clean Energy Alliance
MalongaCent,Local Clean Energy Alliance
MBRE,Local Clean Energy Alliance
ME4,Local Clean Energy Alliance
NCLT,Local Clean Energy Alliance
NCS,Local Clean Energy Alliance
NLED,Local Clean Energy Alliance
Nomad,Local Clean Energy Alliance
OakComm,Local Clean Energy Alliance
OakFood,Local Clean Energy Alliance
OneBlock,Local Clean Energy Alliance
oneworld,Local Clean Energy Alliance
OpenNeighbor,Local Clean Energy Alliance
OurCity,Local Clean Energy Alliance
Ovatte,Local Clean Energy Alliance
PacEnv,Local Clean Energy Alliance
PDA EB,Local Clean Energy Alliance
PJA,Local Clean Energy Alliance
RAN,Local Clean Energy Alliance
RE volv,Local Clean Energy Alliance
Releaf,Local Clean Energy Alliance
RGSolar,Local Clean Energy Alliance
SEB,Local Clean Energy Alliance
SFCommPow,Local Clean Energy Alliance
SFLAFCo,Local Clean Energy Alliance
SFS,Local Clean Energy Alliance
SierraBay,Local Clean Energy Alliance
Sightworks,Local Clean Energy Alliance
SLVRCA,Local Clean Energy Alliance
SMCLCP,Local Clean Energy Alliance
SolarGI,Local Clean Energy Alliance
SolarM,Local Clean Energy Alliance
SolarRich,Local Clean Energy Alliance
SolarSipper,Local Clean Energy Alliance
SPOKES,Local Clean Energy Alliance
SunEnergy,Local Clean Energy Alliance
Sungevity,Local Clean Energy Alliance
SunLight,Local Clean Energy Alliance
SustEcoLaw,Local Clean Energy Alliance
SustEcoSol,Local Clean Energy Alliance
SustEntCon,Local Clean Energy Alliance
theMMOB,Local Clean Energy Alliance
Town Green,Local Clean Energy Alliance
TRANSDEF,Local Clean Energy Alliance
UAS,Local Clean Energy Alliance
VLEAP,Local Clean Energy Alliance
Waterplanet,Local Clean Energy Alliance
WEM,Local Clean Energy Alliance
WORKS,Local Clean Energy Alliance
YSC,Local Clean Energy Alliance
CalHealth,"Mapping Climate Change Exposures, Vulnerabilities, and Adaptation to Public Health Risks "
CEC,"Mapping Climate Change Exposures, Vulnerabilities, and Adaptation to Public Health Risks "
CNR,"Mapping Climate Change Exposures, Vulnerabilities, and Adaptation to Public Health Risks "
UC Berkeley,"Mapping Climate Change Exposures, Vulnerabilities, and Adaptation to Public Health Risks "
Conservancy,Marin Bay Waterfront Adaptation Vulnerability Evaluation
MCCDA,Marin Bay Waterfront Adaptation Vulnerability Evaluation
City of Belvedere,Marin Clean Energy
City of Benicia,Marin Clean Energy
City of Corte Madera,Marin Clean Energy
City of El Cerrito,Marin Clean Energy
City of Fairfax,Marin Clean Energy
City of Larkspur,Marin Clean Energy
City of Mill Valley,Marin Clean Energy
City of Novato,Marin Clean Energy
City of Richmond,Marin Clean Energy
City of Ross,Marin Clean Energy
City of San Pablo,Marin Clean Energy
City of San Rafael,Marin Clean Energy
City of Sausalito,Marin Clean Energy
City of Tiburon,Marin Clean Energy
County of Marin,Marin Clean Energy
County of Napa,Marin Clean Energy
Town of San Anselmo,Marin Clean Energy
3D Visions,MTC BCDC FHWA Transportation Vulnerability Assessment Project 
ABAG,MTC BCDC FHWA Transportation Vulnerability Assessment Project 
AlamedaTrans,MTC BCDC FHWA Transportation Vulnerability Assessment Project 
AECOM,MTC BCDC FHWA Transportation Vulnerability Assessment Project 
AlamedaTrans,MTC BCDC FHWA Transportation Vulnerability Assessment Project 
AlamedaPW,MTC BCDC FHWA Transportation Vulnerability Assessment Project 
AlamedaTrans,MTC BCDC FHWA Transportation Vulnerability Assessment Project 
Arcadis,MTC BCDC FHWA Transportation Vulnerability Assessment Project 
BART,MTC BCDC FHWA Transportation Vulnerability Assessment Project 
BCDC,MTC BCDC FHWA Transportation Vulnerability Assessment Project 
CalTrans,MTC BCDC FHWA Transportation Vulnerability Assessment Project 
CapitolJPA,MTC BCDC FHWA Transportation Vulnerability Assessment Project 
CDFW,MTC BCDC FHWA Transportation Vulnerability Assessment Project 
City of Hayward,MTC BCDC FHWA Transportation Vulnerability Assessment Project 
City of Oakland,MTC BCDC FHWA Transportation Vulnerability Assessment Project 
City of Union City,MTC BCDC FHWA Transportation Vulnerability Assessment Project 
Conservancy,MTC BCDC FHWA Transportation Vulnerability Assessment Project 
FEMA,MTC BCDC FHWA Transportation Vulnerability Assessment Project 
Geografika,MTC BCDC FHWA Transportation Vulnerability Assessment Project 
MTC,MTC BCDC FHWA Transportation Vulnerability Assessment Project 
NOAA,MTC BCDC FHWA Transportation Vulnerability Assessment Project 
PortOakland,MTC BCDC FHWA Transportation Vulnerability Assessment Project 
SFEI,MTC BCDC FHWA Transportation Vulnerability Assessment Project 
USACE,MTC BCDC FHWA Transportation Vulnerability Assessment Project 
USGS,MTC BCDC FHWA Transportation Vulnerability Assessment Project 
WETA,MTC BCDC FHWA Transportation Vulnerability Assessment Project 
NapaFlood,Napa River Napa Creek Flood Protection Project
Brelje,North Bay Climate Adaptation Initiative
CCP,North Bay Climate Adaptation Initiative
CFSC,North Bay Climate Adaptation Initiative
Conservancy,North Bay Climate Adaptation Initiative
GG,North Bay Climate Adaptation Initiative
GRRCD,North Bay Climate Adaptation Initiative
LGC,North Bay Climate Adaptation Initiative
LIEE,North Bay Climate Adaptation Initiative
LSRF,North Bay Climate Adaptation Initiative
Pepperwood,North Bay Climate Adaptation Initiative
PRBO,North Bay Climate Adaptation Initiative
RCPA,North Bay Climate Adaptation Initiative
SCDHS,North Bay Climate Adaptation Initiative
SCES,North Bay Climate Adaptation Initiative
SCWA,North Bay Climate Adaptation Initiative
SEC,North Bay Climate Adaptation Initiative
SLT,North Bay Climate Adaptation Initiative
SNB,North Bay Climate Adaptation Initiative
SonomaOSD,North Bay Climate Adaptation Initiative
SSU,North Bay Climate Adaptation Initiative
TBC3,North Bay Climate Adaptation Initiative
BayInst,North Bay Watershed Association
BMKeysCSD,North Bay Watershed Association
CalEPA,North Bay Watershed Association
CDFW,North Bay Watershed Association
City of Mill Valley,North Bay Watershed Association
City of Novato,North Bay Watershed Association
City of Petaluma,North Bay Watershed Association
City of San Rafael,North Bay Watershed Association
City of Sonoma,North Bay Watershed Association
CMSA,North Bay Watershed Association
Conservancy,North Bay Watershed Association
County of Marin,North Bay Watershed Association
County of Sonoma,North Bay Watershed Association
FriendsCorte,North Bay Watershed Association
FriendsNapa,North Bay Watershed Association
FriendsNovato,North Bay Watershed Association
FriendsPetaluma,North Bay Watershed Association
GallinasSanD,North Bay Watershed Association
GWC,North Bay Watershed Association
MarinSewer,North Bay Watershed Association
MarinStorm,North Bay Watershed Association
MBCTC,North Bay Watershed Association
MCL,North Bay Watershed Association
MCWS,North Bay Watershed Association
MMWD,North Bay Watershed Association
MVS,North Bay Watershed Association
NapaRCD,North Bay Watershed Association
NBAA,North Bay Watershed Association
NOAAFish,North Bay Watershed Association
NovatoSanD,North Bay Watershed Association
PetalumaCoC,North Bay Watershed Association
RossSand,North Bay Watershed Association
SCWA,North Bay Watershed Association
SEC,North Bay Watershed Association
SonomaSanD,North Bay Watershed Association
SotoyomeRCD,North Bay Watershed Association
TBMC,North Bay Watershed Association
UCCoopMarin,North Bay Watershed Association
USACE,North Bay Watershed Association
WQCB,North Bay Watershed Association
FEMA,Northern Alameda County _ San Francisco Bay Area Coastal Study
ABAG,Oakland Alameda Resilience Study
AECOM,Oakland Alameda Resilience Study
AlamedaTrans,Oakland Alameda Resilience Study
BART,Oakland Alameda Resilience Study
BCDC,Oakland Alameda Resilience Study
CalTrans,Oakland Alameda Resilience Study
AECOM,Ocean Beach Master Plan for Sea Level Rise 
BeachChalet,Ocean Beach Master Plan for Sea Level Rise 
CMGLA,Ocean Beach Master Plan for Sea Level Rise 
Conservancy,Ocean Beach Master Plan for Sea Level Rise 
CSOB,Ocean Beach Master Plan for Sea Level Rise 
ESA,Ocean Beach Master Plan for Sea Level Rise 
GGAS,Ocean Beach Master Plan for Sea Level Rise 
GOGA,Ocean Beach Master Plan for Sea Level Rise 
MTC,Ocean Beach Master Plan for Sea Level Rise 
Nelson Nygaard,Ocean Beach Master Plan for Sea Level Rise 
NPS,Ocean Beach Master Plan for Sea Level Rise 
PGOGA,Ocean Beach Master Plan for Sea Level Rise 
RichmondPlan,Ocean Beach Master Plan for Sea Level Rise 
SaveWaves,Ocean Beach Master Plan for Sea Level Rise 
SDE,Ocean Beach Master Plan for Sea Level Rise 
SFParks,Ocean Beach Master Plan for Sea Level Rise 
SFPlanning,Ocean Beach Master Plan for Sea Level Rise 
SFPUC,Ocean Beach Master Plan for Sea Level Rise 
SFPW,Ocean Beach Master Plan for Sea Level Rise 
SFSU,Ocean Beach Master Plan for Sea Level Rise 
SFZooSoc,Ocean Beach Master Plan for Sea Level Rise 
SPUR,Ocean Beach Master Plan for Sea Level Rise 
USACE,Ocean Beach Master Plan for Sea Level Rise 
SFEI,Operational Landscape Units
ABAG,Oro Loma Ecotone Project
CVSanD,Oro Loma Ecotone Project
EBDischargers,Oro Loma Ecotone Project
ESA,Oro Loma Ecotone Project
OroLomaSanD,Oro Loma Ecotone Project
SFEP,Oro Loma Ecotone Project
BAECCC,"Our Coast, Our Future"
Coravai,"Our Coast, Our Future"
EBMToolsNet,"Our Coast, Our Future"
Farallones,"Our Coast, Our Future"
NERRS,"Our Coast, Our Future"
NOAA CSC,"Our Coast, Our Future"
NPS,"Our Coast, Our Future"
PBCS,"Our Coast, Our Future"
SFNERR,"Our Coast, Our Future"
USGS  PCMSC,"Our Coast, Our Future"
Autodesk,Owlized Marin Sea Level Rise Project
ClAccess,Owlized Marin Sea Level Rise Project
County of Marin,Owlized Marin Sea Level Rise Project
FEMA,Owlized Marin Sea Level Rise Project
OWLized,Owlized Marin Sea Level Rise Project
Stanford,Owlized Marin Sea Level Rise Project
BCDC,Pinole General Plan Climate Adaptation 
City of Pinole,Pinole General Plan Climate Adaptation 
PBCS,Point Blue Climate Smart Conservation Program
BCDC,Policies for a Rising Bay
AGS,Port of San Francisco Sea Level Rise Study
URS,Port of San Francisco Sea Level Rise Study
PortSF,Port of San Francisco Sea Level Rise Study
Conservancy,Reducing Climate Risks with Natural Infrastructure Report
PGE,Reducing Climate Risks with Natural Infrastructure Report
TNC,Reducing Climate Risks with Natural Infrastructure Report
USFWS,Reducing Climate Risks with Natural Infrastructure Report
CDBG,Regional Climate Protection Authority
CFSC,Regional Climate Protection Authority
City of Cloverdale,Regional Climate Protection Authority
City of Cotati,Regional Climate Protection Authority
City of Healdsburg,Regional Climate Protection Authority
City of Petaluma,Regional Climate Protection Authority
City of Rohnert Park,Regional Climate Protection Authority
City of Santa Rosa,Regional Climate Protection Authority
City of Sebastopol,Regional Climate Protection Authority
City of Sonoma,Regional Climate Protection Authority
City of Windsor,Regional Climate Protection Authority
Codding,Regional Climate Protection Authority
County of Sonoma,Regional Climate Protection Authority
CPC,Regional Climate Protection Authority
CST,Regional Climate Protection Authority
EPS,Regional Climate Protection Authority
LIEE,Regional Climate Protection Authority
LPI,Regional Climate Protection Authority
PFT,Regional Climate Protection Authority
PGE,Regional Climate Protection Authority
RPP,Regional Climate Protection Authority
SCAC,Regional Climate Protection Authority
SCEIP,Regional Climate Protection Authority
SCTLUC,Regional Climate Protection Authority
SCWA,Regional Climate Protection Authority
SolarSC,Regional Climate Protection Authority
SonomaDHS,Regional Climate Protection Authority
SonomaOSD,Regional Climate Protection Authority
SonomaTrans,Regional Climate Protection Authority
SRSchools,Regional Climate Protection Authority
SS,Regional Climate Protection Authority
SSU,Regional Climate Protection Authority
ABAG,Regional Renewable Energy Procurement Project (RREP)
AlamedaBT,Regional Renewable Energy Procurement Project (RREP)
AlamedaGSA,Regional Renewable Energy Procurement Project (RREP)
AlamedaWIB,Regional Renewable Energy Procurement Project (RREP)
ARC,Regional Renewable Energy Procurement Project (RREP)
BAAQMD,Regional Renewable Energy Procurement Project (RREP)
CCEP,Regional Renewable Energy Procurement Project (RREP)
City of Berkeley,Regional Renewable Energy Procurement Project (RREP)
City of Richmond,Regional Renewable Energy Procurement Project (RREP)
County of Alameda,Regional Renewable Energy Procurement Project (RREP)
County of San Mateo,Regional Renewable Energy Procurement Project (RREP)
Craft,Regional Renewable Energy Procurement Project (RREP)
EBEconDev,Regional Renewable Energy Procurement Project (RREP)
EPA,Regional Renewable Energy Procurement Project (RREP)
IBEW NECA,Regional Renewable Energy Procurement Project (RREP)
IBEW332,Regional Renewable Energy Procurement Project (RREP)
IBEW595,Regional Renewable Energy Procurement Project (RREP)
JVSV,Regional Renewable Energy Procurement Project (RREP)
KNN,Regional Renewable Energy Procurement Project (RREP)
NAM,Regional Renewable Energy Procurement Project (RREP)
NOVA,Regional Renewable Energy Procurement Project (RREP)
OakEmerald,Regional Renewable Energy Procurement Project (RREP)
Optony,Regional Renewable Energy Procurement Project (RREP)
RichBuild,Regional Renewable Energy Procurement Project (RREP)
RichmondWIB,Regional Renewable Energy Procurement Project (RREP)
W2F,Regional Renewable Energy Procurement Project (RREP)
City Co of SF,Rockefeller 100 Resilient Cities Challenge
City of Berkeley,Rockefeller 100 Resilient Cities Challenge
City of Oakland,Rockefeller 100 Resilient Cities Challenge
Rockefeller,Rockefeller 100 Resilient Cities Challenge
CNR,San Francisco Central Bay Regional Sediment Management Plan
CSMW,San Francisco Central Bay Regional Sediment Management Plan
USACE,San Francisco Central Bay Regional Sediment Management Plan
CalHealth,San Francisco Climate Ready Initiative
CDC,San Francisco Climate Ready Initiative
SFDEM,San Francisco Climate Ready Initiative
SFDPH,San Francisco Climate Ready Initiative
SFEnvironment,San Francisco Climate Ready Initiative
SFPUC,San Francisco Climate Ready Initiative
BCDC,San Francisco Estuary Partnership Climate Ready Estuaries Pilot Project
EPA ORD,San Francisco Estuary Partnership Climate Ready Estuaries Pilot Project
SFEP,San Francisco Estuary Partnership Climate Ready Estuaries Pilot Project
ABAG,San Francisco Estuary Partnership
AlamedaTrans,San Francisco Estuary Partnership
BayInst,San Francisco Estuary Partnership
BCDC,San Francisco Estuary Partnership
BPC,San Francisco Estuary Partnership
CalEPA,San Francisco Estuary Partnership
CCCR,San Francisco Estuary Partnership
City of Clayton,San Francisco Estuary Partnership
City of Sunnyvale,San Francisco Estuary Partnership
CNR,San Francisco Estuary Partnership
Conservancy,San Francisco Estuary Partnership
DeltStew,San Francisco Estuary Partnership
DPC,San Francisco Estuary Partnership
DWR,San Francisco Estuary Partnership
EPA,San Francisco Estuary Partnership
FriendsSFEstuary,San Francisco Estuary Partnership
MAS,San Francisco Estuary Partnership
NBWA,San Francisco Estuary Partnership
NOAAFish,San Francisco Estuary Partnership
NRDC,San Francisco Estuary Partnership
SaveBay,San Francisco Estuary Partnership
SCWA,San Francisco Estuary Partnership
SFBayJV,San Francisco Estuary Partnership
SFEI,San Francisco Estuary Partnership
SFPUC,San Francisco Estuary Partnership
SFSU,San Francisco Estuary Partnership
USACE,San Francisco Estuary Partnership
USDA  NRCS,San Francisco Estuary Partnership
USFWS,San Francisco Estuary Partnership
WQCB,San Francisco Estuary Partnership
BCDC,San Mateo County Climate Action Plan: Vulnerability Assessment
CALFIRE,San Mateo County Climate Action Plan: Vulnerability Assessment
City of San Mateo,San Mateo County Climate Action Plan: Vulnerability Assessment
CoastComm,San Mateo County Climate Action Plan: Vulnerability Assessment
ICLEI,San Mateo County Climate Action Plan: Vulnerability Assessment
PGE,San Mateo County Climate Action Plan: Vulnerability Assessment
PMC,San Mateo County Climate Action Plan: Vulnerability Assessment
SanMateoDPH,San Mateo County Climate Action Plan: Vulnerability Assessment
SanMateoParks,San Mateo County Climate Action Plan: Vulnerability Assessment
SanMateoPW,San Mateo County Climate Action Plan: Vulnerability Assessment
BAAQMD,San Mateo County Regionally Integrated Climate Action Planning Suite 
CCAG,San Mateo County Regionally Integrated Climate Action Planning Suite 
DNVGL,San Mateo County Regionally Integrated Climate Action Planning Suite 
Hara,San Mateo County Regionally Integrated Climate Action Planning Suite 
PGE,San Mateo County Regionally Integrated Climate Action Planning Suite 
ABAG,San Mateo County Sea Level Rise Vulnerability Assessment
Arcadis,San Mateo County Sea Level Rise Vulnerability Assessment
BART,San Mateo County Sea Level Rise Vulnerability Assessment
BCDC,San Mateo County Sea Level Rise Vulnerability Assessment
CalTrans,San Mateo County Sea Level Rise Vulnerability Assessment
CGF,San Mateo County Sea Level Rise Vulnerability Assessment
CoastComm,San Mateo County Sea Level Rise Vulnerability Assessment
Conservancy,San Mateo County Sea Level Rise Vulnerability Assessment
Costco,San Mateo County Sea Level Rise Vulnerability Assessment
County of San Mateo,San Mateo County Sea Level Rise Vulnerability Assessment
Facebook,San Mateo County Sea Level Rise Vulnerability Assessment
Farallones,San Mateo County Sea Level Rise Vulnerability Assessment
FEMA,San Mateo County Sea Level Rise Vulnerability Assessment
Genen,San Mateo County Sea Level Rise Vulnerability Assessment
Google,San Mateo County Sea Level Rise Vulnerability Assessment
MontaraSanD,San Mateo County Sea Level Rise Vulnerability Assessment
NOAA,San Mateo County Sea Level Rise Vulnerability Assessment
Oracle,San Mateo County Sea Level Rise Vulnerability Assessment
PGE,San Mateo County Sea Level Rise Vulnerability Assessment
PortRedwood,San Mateo County Sea Level Rise Vulnerability Assessment
RCD,San Mateo County Sea Level Rise Vulnerability Assessment
SanMateoPW,San Mateo County Sea Level Rise Vulnerability Assessment
SFCJPA,San Mateo County Sea Level Rise Vulnerability Assessment
SFEI,San Mateo County Sea Level Rise Vulnerability Assessment
SFO,San Mateo County Sea Level Rise Vulnerability Assessment
SFPUC,San Mateo County Sea Level Rise Vulnerability Assessment
Sierra,San Mateo County Sea Level Rise Vulnerability Assessment
SMHarbor,San Mateo County Sea Level Rise Vulnerability Assessment
SSMC,San Mateo County Sea Level Rise Vulnerability Assessment
SSMC,San Mateo County Sea Level Rise Vulnerability Assessment
SVCF,San Mateo County Sea Level Rise Vulnerability Assessment
UnionSanD,San Mateo County Sea Level Rise Vulnerability Assessment
USFWS,San Mateo County Sea Level Rise Vulnerability Assessment
USGS,San Mateo County Sea Level Rise Vulnerability Assessment
Visa,San Mateo County Sea Level Rise Vulnerability Assessment
WBSanD,San Mateo County Sea Level Rise Vulnerability Assessment
WQCB,San Mateo County Sea Level Rise Vulnerability Assessment
HSU,Save the Redwoods Climate Change Initiative
SRL,Save the Redwoods Climate Change Initiative
UC Berkeley,Save the Redwoods Climate Change Initiative
BAOSC,Scenario Planning for Climate Change Adaptation: A Guidance for Resource Managers (2013)
CBI,Scenario Planning for Climate Change Adaptation: A Guidance for Resource Managers (2013)
Conservancy,Scenario Planning for Climate Change Adaptation: A Guidance for Resource Managers (2013)
PBCS,Scenario Planning for Climate Change Adaptation: A Guidance for Resource Managers (2013)
SonomaOSD,Scenario Planning for Climate Change Adaptation: A Guidance for Resource Managers (2013)
WCS,Scenario Planning for Climate Change Adaptation: A Guidance for Resource Managers (2013)
Conservancy,Sea Change San Mateo County
County of San Mateo,Sea Change San Mateo County
SFBRA,SF Bay Restoration Authority Parcel Tax (Measure AA)
BAC,SF Baylands Restoration and Flood Protection Project
City of San Jose,SF Baylands Restoration and Flood Protection Project
Conservancy,SF Baylands Restoration and Flood Protection Project
Feinstein,SF Baylands Restoration and Flood Protection Project
GBMF,SF Baylands Restoration and Flood Protection Project
RLG,SF Baylands Restoration and Flood Protection Project
SaveBay,SF Baylands Restoration and Flood Protection Project
SCVWD,SF Baylands Restoration and Flood Protection Project
BCDC,SF Mission Bay Vulnerability Assessment
City Co of SF,SF Mission Bay Vulnerability Assessment
PortSF,SF Mission Bay Vulnerability Assessment
SDA,SF Mission Bay Vulnerability Assessment
SPUR,SF Mission Bay Vulnerability Assessment
AGS,"SFO, San Bruno and Colma Creek Resilience Study"
Conservancy,"SFO, San Bruno and Colma Creek Resilience Study"
County of San Mateo,"SFO, San Bruno and Colma Creek Resilience Study"
Moffatt,"SFO, San Bruno and Colma Creek Resilience Study"
SFO,"SFO, San Bruno and Colma Creek Resilience Study"
Hydrocomp,SFPUC Study: Upper Tuolumne River Flow & Climate Change Scenarios 
SFPUC,SFPUC Study: Upper Tuolumne River Flow & Climate Change Scenarios 
TID,SFPUC Study: Upper Tuolumne River Flow & Climate Change Scenarios 
CanalWelcome,Shore Up Marin
EDMarin,Shore Up Marin
Grassroots,Shore Up Marin
GreenUp,Shore Up Marin
MLKCo,Shore Up Marin
ABAG,Silicon Valley 2.0
AECOM,Silicon Valley 2.0
BACC,Silicon Valley 2.0
BARC,Silicon Valley 2.0
BCDC,Silicon Valley 2.0
CADC,Silicon Valley 2.0
CCEO,Silicon Valley 2.0
City of Cupertino,Silicon Valley 2.0
City of Mountain View,Silicon Valley 2.0
City of Palo Alto,Silicon Valley 2.0
City of San Jose,Silicon Valley 2.0
City of Sunnyvale,Silicon Valley 2.0
County of Santa Clara,Silicon Valley 2.0
CPDDWG,Silicon Valley 2.0
CPUC,Silicon Valley 2.0
FEMA,Silicon Valley 2.0
ICF,Silicon Valley 2.0
JVSV,Silicon Valley 2.0
NASA,Silicon Valley 2.0
OPR,Silicon Valley 2.0
PGE,Silicon Valley 2.0
PRBO,Silicon Valley 2.0
SCAPC,Silicon Valley 2.0
SCDES,Silicon Valley 2.0
SCDPH,Silicon Valley 2.0
SCOS,Silicon Valley 2.0
SCPD,Silicon Valley 2.0
SCVHA,Silicon Valley 2.0
SCVWD,Silicon Valley 2.0
SGC,Silicon Valley 2.0
SPUR,Silicon Valley 2.0
SSV,Silicon Valley 2.0
SVLG,Silicon Valley 2.0
UC Berkeley,Silicon Valley 2.0
USACE,Silicon Valley 2.0
USGS,Silicon Valley 2.0
VMC,Silicon Valley 2.0
Zanker,Silicon Valley 2.0
City of Cloverdale,Sonoma Clean Power
City of Cotati,Sonoma Clean Power
City of Petaluma,Sonoma Clean Power
City of Rohnert Park,Sonoma Clean Power
City of Santa Rosa,Sonoma Clean Power
City of Sebastopol,Sonoma Clean Power
City of Sonoma,Sonoma Clean Power
City of Windsor,Sonoma Clean Power
County of Sonoma,Sonoma Clean Power
CDFW,Sonoma County Veg Map
City of Petaluma,Sonoma County Veg Map
NASA,Sonoma County Veg Map
SCISD,Sonoma County Veg Map
SCWA,Sonoma County Veg Map
SonomaOSD,Sonoma County Veg Map
SuisunRCD,Sonoma County Veg Map
TNC,Sonoma County Veg Map
UMaryland,Sonoma County Veg Map
USGS,Sonoma County Veg Map
ACMAD,South Bay Salt Pond Restoration Project
AlamedaTrans,South Bay Salt Pond Restoration Project
AudubonSCV,South Bay Salt Pond Restoration Project
BPC,South Bay Salt Pond Restoration Project
Cargill ,South Bay Salt Pond Restoration Project
CCCR,South Bay Salt Pond Restoration Project
City of Hayward,South Bay Salt Pond Restoration Project
City of Palo Alto,South Bay Salt Pond Restoration Project
City of San Jose,South Bay Salt Pond Restoration Project
City of Sunnyvale,South Bay Salt Pond Restoration Project
EBParks,South Bay Salt Pond Restoration Project
Eden,South Bay Salt Pond Restoration Project
Feinstein,South Bay Salt Pond Restoration Project
HASPA,South Bay Salt Pond Restoration Project
MROSD,South Bay Salt Pond Restoration Project
NASA,South Bay Salt Pond Restoration Project
PGE,South Bay Salt Pond Restoration Project
PortOakland,South Bay Salt Pond Restoration Project
RecBoaters,South Bay Salt Pond Restoration Project
RepHonda,South Bay Salt Pond Restoration Project
SaveBay,South Bay Salt Pond Restoration Project
SCOSA,South Bay Salt Pond Restoration Project
SCVWD,South Bay Salt Pond Restoration Project
SFPUC,South Bay Salt Pond Restoration Project
SFTrail,South Bay Salt Pond Restoration Project
Sierra,South Bay Salt Pond Restoration Project
AlamedaFlood,South San Francisco Bay Shoreline Study
CDFW,South San Francisco Bay Shoreline Study
Conservancy,South San Francisco Bay Shoreline Study
SCVWD,South San Francisco Bay Shoreline Study
USACE,South San Francisco Bay Shoreline Study
USFWS,South San Francisco Bay Shoreline Study
BCDC,Southern Marin Pilot Project
MarinPW,Southern Marin Pilot Project
MCCDA,Southern Marin Pilot Project
BayInst,State of the Estuary Report 2015
CalAcademy,State of the Estuary Report 2015
CDFW,State of the Estuary Report 2015
Conservancy,State of the Estuary Report 2015
DWR,State of the Estuary Report 2015
MWDSC,State of the Estuary Report 2015
NOAA FRC,State of the Estuary Report 2015
NOAAFish,State of the Estuary Report 2015
NPS OCRP,State of the Estuary Report 2015
PBCS,State of the Estuary Report 2015
SFCWA,State of the Estuary Report 2015
SFEI,State of the Estuary Report 2015
SFEP,State of the Estuary Report 2015
SFEP,State of the Estuary Report 2015
TDC,State of the Estuary Report 2015
UC Davis,State of the Estuary Report 2015
USFWS,State of the Estuary Report 2015
USGS,State of the Estuary Report 2015
CalTrans,State Route 37 Stewardship Study 
NapaRCD,State Route 37 Stewardship Study 
SEC,State Route 37 Stewardship Study 
SHRP2,State Route 37 Stewardship Study 
SonomaLT,State Route 37 Stewardship Study 
SSRCD,State Route 37 Stewardship Study 
TRC,State Route 37 Stewardship Study 
UC Davis,State Route 37 Stewardship Study 
BOR,"Suisun Marsh Habitat Management, Preservation and Restoration"
CDFW,"Suisun Marsh Habitat Management, Preservation and Restoration"
DeltStew,"Suisun Marsh Habitat Management, Preservation and Restoration"
DWR,"Suisun Marsh Habitat Management, Preservation and Restoration"
NOAAFish,"Suisun Marsh Habitat Management, Preservation and Restoration"
SuisunRCD,"Suisun Marsh Habitat Management, Preservation and Restoration"
USFWS,"Suisun Marsh Habitat Management, Preservation and Restoration"
ABAG,Surviving the Storm
AECOM,Surviving the Storm
AlamedaTrans,Surviving the Storm
AlamedaTrans,Surviving the Storm
BAC EI,Surviving the Storm
BAFPAA,Surviving the Storm
BCDC,Surviving the Storm
BPC,Surviving the Storm
Brattle,Surviving the Storm
CCCFlood,Surviving the Storm
CCCFlood,Surviving the Storm
Conservancy,Surviving the Storm
GBMF,Surviving the Storm
Gensler,Surviving the Storm
MarinFlood,Surviving the Storm
NapaFlood,Surviving the Storm
OAK,Surviving the Storm
RLF,Surviving the Storm
RVWFPP,Surviving the Storm
RVWFPP,Surviving the Storm
SCVWD,Surviving the Storm
SFCJPA,Surviving the Storm
SFO,Surviving the Storm
SFPUC,Surviving the Storm
SPUR,Surviving the Storm
CCEO,Terrestrial Biodiversity Climate Change Consortium
Pepperwood,Terrestrial Biodiversity Climate Change Consortium
UC Berkeley,Terrestrial Biodiversity Climate Change Consortium
USGS MP,Terrestrial Biodiversity Climate Change Consortium
USGS PSA,Terrestrial Biodiversity Climate Change Consortium
USGS WSC,Terrestrial Biodiversity Climate Change Consortium
BayInst,The Horizontal Levee
City Co of SF,Berkeley Resilience Strategy
City of Berkeley,Berkeley Resilience Strategy
Rockefeller,Berkeley Resilience Strategy
AECOM,Berkeley Resilience Strategy
100Resilient,Berkeley Resilience Strategy
ABAG,Berkeley Resilience Strategy
BCDC,Berkeley Resilience Strategy
BCAC,Berkeley Resilience Strategy
BDPNN,Berkeley Resilience Strategy
BerkSchool,Berkeley Resilience Strategy
EBMUD,Berkeley Resilience Strategy
LBNL,Berkeley Resilience Strategy
PGE,Berkeley Resilience Strategy
UC Berkeley,Berkeley Resilience Strategy
USDN,Berkeley Resilience Strategy
CRI,Berkeley Resilience Strategy
City of Oakland,Oakland Energy and Climate Action Plan
ICLEI,Oakland Energy and Climate Action Plan
CirclePoint,Oakland Energy and Climate Action Plan
BAAQMD,Oakland Energy and Climate Action Plan
City Co of SF,Resilient San Francisco
PortSF,Resilient San Francisco
UC Berkeley,Resilient San Francisco
SFO,Resilient San Francisco
FEMA,Resilient San Francisco
SFMTA,Resilient San Francisco
SFPUC,Resilient San Francisco
SFDPH,Resilient San Francisco
KennedySch,Resilient San Francisco
NERT,Resilient San Francisco
BAPURA,Resilient San Francisco
100Resilient,Resilient San Francisco
AECOM,Resilient San Francisco
City of Berkeley,Resilient San Francisco
SFF,Resilient San Francisco
ABAG,Resilient San Francisco
City of Oakland,Resilient San Francisco
PGE,Resilient San Francisco
BARC,Resilient San Francisco
RedCross,Resilient San Francisco
City of Santa Monica,Resilient San Francisco
BCDC,Resilient San Francisco
Gensler,Resilient San Francisco
RMS,Resilient San Francisco
Microsoft,Resilient San Francisco
APEN,Resilient Communities Initiative
BayLocal,Resilient Communities Initiative
Breakthrough,Resilient Communities Initiative
CfBE,Resilient Communities Initiative
EJCW,Resilient Communities Initiative
Greenaction,Resilient Communities Initiative
MGJEP,Resilient Communities Initiative
NBOP,Resilient Communities Initiative
ShoreUp,Resilient Communities Initiative
WOEIP,Resilient Communities Initiative
YUCA,Resilient Communities Initiative
Kresge,Resilient Communities Initiative
SFF,Resilient Communities Initiative
PacInst,Reports on the Third Climate Change Assessment
CEC,Reports on the Third Climate Change Assessment
CNR,Reports on the Third Climate Change Assessment
OCAC,Reports on the Third Climate Change Assessment
AlamedaTrans,Reports on the Third Climate Change Assessment
BCDC,Reports on the Third Climate Change Assessment
CalTrans,Reports on the Third Climate Change Assessment
Scripps,Reports on the Third Climate Change Assessment
UC Berkeley,Reports on the Third Climate Change Assessment
PRBO,Reports on the Third Climate Change Assessment
NOAA,Reports on the Third Climate Change Assessment
PacInst,Reports on the Third Climate Change Assessment
Scripps,Reports on the Third Climate Change Assessment
OPC,Reports on the Third Climate Change Assessment
Stanford,Reports on the Third Climate Change Assessment
UC Davis,Reports on the Third Climate Change Assessment
SFPUC,Reports on the Third Climate Change Assessment
EBMUD,Reports on the Third Climate Change Assessment
SCVWD,Reports on the Third Climate Change Assessment
DWR,Reports on the Third Climate Change Assessment
BARC,Reports on the Third Climate Change Assessment
RCPA,Climate Ready Sonoma County: Climate Hazards and Vulnerabilities
NBCAI,Climate Ready Sonoma County: Climate Hazards and Vulnerabilities
CCEO,Climate Ready Sonoma County: Climate Hazards and Vulnerabilities
SEC,Climate Ready Sonoma County: Climate Hazards and Vulnerabilities
PRBO,Climate Ready Sonoma County: Climate Hazards and Vulnerabilities
Pepperwood,Climate Ready Sonoma County: Climate Hazards and Vulnerabilities
ICF,Climate Ready Sonoma County: Climate Hazards and Vulnerabilities
ACWD,Bay Area Regional Reliability
BAWSCA,Bay Area Regional Reliability
CCWD,Bay Area Regional Reliability
EBMUD,Bay Area Regional Reliability
MMWD,Bay Area Regional Reliability
SFPUC,Bay Area Regional Reliability
SCVWD,Bay Area Regional Reliability
AlamedaTrans,Bay Area Regional Reliability
SFEI,Lower Walnut Creek Historical Ecology Study
CCCFlood,Lower Walnut Creek Historical Ecology Study
Pepperwood,High Resolution Climate Hydrology Scenarios for the San Francisco Bay Area
TBC3,High Resolution Climate Hydrology Scenarios for the San Francisco Bay Area
City Co of SF,San Francisco Sea Level Rise Action Plan
SFPlanning,San Francisco Sea Level Rise Action Plan
SFPW,San Francisco Sea Level Rise Action Plan
SFO,San Francisco Sea Level Rise Action Plan
SFPUC,San Francisco Sea Level Rise Action Plan
SFMTA,San Francisco Sea Level Rise Action Plan
PortSF,San Francisco Sea Level Rise Action Plan
SFOEWD,San Francisco Sea Level Rise Action Plan
AECOM,San Francisco Sea Level Rise Action Plan
CH2M,San Francisco Sea Level Rise Action Plan
RMS,San Francisco Sea Level Rise Action Plan
100Resilient,San Francisco Sea Level Rise Action Plan
BCDC,Resilience by Design
ABAG,Resilience by Design
BARC,Resilience by Design
SFEI,Resilience by Design
SPUR,Resilience by Design
CRI,Resilience by Design
Conservancy,Resilience by Design
City Co of SF,Resilience by Design
City of Berkeley,Resilience by Design
City of Oakland,Resilience by Design
BARC,Resilience by Design
BAC,Our Bay on the Brink
SCVWD,Our Bay on the Brink
SaveBay,Our Bay on the Brink
SVLG,Our Bay on the Brink
UC Berkeley,CalAdapt
CEC,CalAdapt
Google,CalAdapt